ração	<img src="_racao.JPG">	ração	a ração	ɐ ʁɐˈsɐ̃w̃	a ʁaˈsɐ̃w̃	sf	Alimento preparado especialmente para animais domésticos ou de criação.		animal feed	ˈænəməl ˈfid	ˈænɪməl ˈfiːd	n	Food prepared for consumption by livestock.		piensos						ration						Futter						ració						mangime												Curso::2A2 Curso::2A2::vocabulario_em_clase Portugues::VOC Portugues::VOC::Alimentos Portugues::VOC::Animais Vocabulary::Animals Vocabulary::Animals::Portugues Vocabulary::Pets
minhoca	<img src="_en_worm_earthworm.JPG">	minhoca	a minhoca	ɐ miˈɲɔkɐ	a miˈɲɔkɐ	sf	Anelídeo terrestre que vive em solos úmidos.		earthworm	ˈɜ˞θˌwɜ˞m	ˈɜːθwɜːm	n	A burrowing invertebrate that aerates soil and helps decomposition.		lombriz						ver de terre						Regenwurm						cuc						lombrico												Portugues::VOC Portugues::VOC::Animais Vocabulary::Animals Vocabulary::Animals::Portugues
peludo	<img src="furry.jpg">	peludo	peludo	pɨˈludu	peˈludu	adj m	Anfíbio de pele úmida que vive em ambientes aquáticos e terrestres.		furry	ˈfɜ˞ɹi	ˈfɜːri	adj	Covered in soft fur or hair.		peludo						pelucheux						pelzig						pelut						peloso												Portugues::Adjetivos Portugues::VOC Portugues::VOC::Animais Vocabulary::Animals Vocabulary::Animals::Portugues
peixe (animal)	<img src="_fish.jpg">	peixe	o peixe	u ˈpɐjʃɨ	u ˈpejʃi	sm	Animal aquático com brânquias e nadadeiras.		fish	ˈfɪʃ	ˈfɪʃ	n	To catch or try to catch fish.		pez						poisson						Fisch						peix						pesce												Portugues::Ortografia::Sibilantes::Inseto-Z Portugues::VOC Portugues::VOC::Animais Vocabulary::Animals Vocabulary::Animals::Portugues Vocabulary::Fish
flamingo	<img src="flamingo-3309628_640.jpg">	flamingo	o flamingo	u flɐˈmĩɡu	u flɐˈmĩɡu	sm	Animal aquático com brânquias e nadadeiras.		flamingo	fləˈmɪŋɡoʊ	fləˈmɪŋɡəʊ	n	A tall, pink wading bird with a distinctive curved beak.		flamenco						flamant						Flamingo						flamenc						fenicottero												Portugues::VOC Portugues::VOC::Animais Vocabulary::Animals Vocabulary::Animals::Portugues Vocabulary::Birds
inseto	<img src="bug.jpg">	inseto	o inseto	u ĩˈsɛtu	u ĩˈsɛtu	sm	Animal invertebrado de corpo segmentado e seis patas.		bug	ˈbəɡ	ˈbʌɡ	n	A general term for any small insect or arthropod.		bicho						insecte						Käfer						insecte						insetto												Portugues::VOC Portugues::VOC::Animais Vocabulary::Animals Vocabulary::Animals::Portugues
verme	<img src="_verme_.JPG">	verme	o verme	u ˈvɛɾmɨ	u ˈvɛʁmi	sm	Animal invertebrado, geralmente de corpo alongado e cilíndrico.		worm	ˈwɜ˞m	ˈwɜːm	n	A soft-bodied invertebrate often found in soil, aiding in decomposition.		gusano						ver						Wurm						verme						verme												Curso::2A2 Portugues::Livros::2A2-Cinco-minutos Portugues::VOC Portugues::VOC::Animais Vocabulary::Animals Vocabulary::Animals::Portugues
lula		lula	a lula	ɐ ˈlulɐ	a ˈlulɐ	sf	Animal marinho de corpo alongado, usado na culinária.		squid	ˈskwɪd	ˈskwɪd	n	A cephalopod with a long, slender body and tentacles.		calamar						calmar						Kalmar						calamar						calamaro												Curso::1A2 Portugues::VOC Portugues::VOC::Alimentos Portugues::VOC::Alimentos::Marinos Portugues::VOC::Alimentos::Marinos::Moluscos Portugues::VOC::Animais Vocabulary::Animals Vocabulary::Animals::Basic Vocabulary::Animals::Portugues Vocabulary::Food
polvo		polvo	o polvo	u ˈpɔɫvu	u ˈpɔwvu	sm	Animal marinho de tentáculos, usado em diversas receitas.		octopus	ˈɑktəˌpʊs	ˈɒktəpəs	n	A marine animal with eight arms and a soft, bulbous body.		pulpo						poulpe						Oktopus						pop						poppa												Curso::1A2 Portugues::Falso_Amigo Portugues::VOC Portugues::VOC::Alimentos Portugues::VOC::Alimentos::Marinos Portugues::VOC::Alimentos::Marinos::Moluscos Portugues::VOC::Animais Vocabulary::Animals Vocabulary::Animals::Basic Vocabulary::Animals::Portugues Vocabulary::Food
ave	<img src="_en_bird.JPG">	ave	a ave	ɐ ˈavɨ	a ˈavi	sf	Animal vertebrado coberto de penas e geralmente capaz de voar.		bird	ˈbɜ˞d	ˈbɜːd	n	A warm-blooded vertebrate with feathers and wings, most of which can fly.		ave						oiseau						Vogel						ausell						uccello												Portugues::VOC Portugues::VOC::Animais Vocabulary::Animals Vocabulary::Animals::Portugues
passaro		passaro	o pássaro	u ˈpasɐɾu	u ˈpasaɾu	sm	Animal vertebrado que pertence ao grupo das aves, com penas e asas.		bird	ˈbɜ˞d	ˈbɜːd	n	A warm-blooded vertebrate with feathers, wings, and a beak.																																						Portugues::VOC Portugues::VOC::Basicos Vocabulary::Animals::Basic Vocabulary::Animals::Portugues Vocabulary::Birds
viúva-negra	<img src="_viuva-negra.JPG">	viúva-negra	a viúva-negra	ɐ viˈuvɐnɨɡɾɐ	a viˈuvaneɡɾɐ	sf	Aranha venenosa conhecida pela marca vermelha no abdômen.		black widow	ˈblæk ˈwɪdoʊ	ˈblæk ˈwɪdəʊ	n	A venomous spider known for the red hourglass marking on its abdomen.		viuda negra						veuve noire						Schwarze Witwe						viuda negra						vedova nera												Portugues::VOC Portugues::VOC::Animais Vocabulary::Animals Vocabulary::Animals::Basic Vocabulary::Animals::Portugues Vocabulary::Spiders
pato		pato	o pato	u ˈpatu	u ˈpatu	sm	Ave aquática conhecida por seu andar cambaleante e grasnado.		duck	ˈdək	ˈdʌk	n	A waterfowl with webbed feet and a broad, flat bill.		pato						canard						Ente						ànec						anatra												Curso::1A2 Portugues::VOC Portugues::VOC::Alimentos Portugues::VOC::Alimentos::Carne::Aves Portugues::VOC::Animais Vocabulary::Animals Vocabulary::Animals::Basic Vocabulary::Animals::Portugues Vocabulary::Food Vocabulary::Food::Animal Vocabulary::Food::Meat Vocabulary::Food::Poultry
gorila	<img src="_en_gorila.JPG">	gorila	o gorila	u ɡuˈɾilɐ	u ɡoˈɾilɐ	sm	Ave aquática de grande porte.		gorilla	ɡə˞ˈɹɪlə	ɡəˈrɪlə	n	A large ape known for its strength and intelligence.		gorila						gorille						Gorilla						gorilla						gorilla												Portugues::VOC Portugues::VOC::Animais Vocabulary::Animals Vocabulary::Animals::Basic Vocabulary::Animals::Portugues
frango (animal)		frango	o frango	u ˈfɾɐ̃ɡu	u ˈfɾɐ̃ɡu	sm	Ave de criação, especialmente para consumo de carne.		chicken (animal)	ˈtʃɪkn̩ | ˈænəməl |	ˈtʃɪkɪn | ˈænɪməl |	n	A domesticated bird raised for eggs and meat.		pollo (joven)						poulet						Hähnchen						pollastre						pollo												Curso::1A2 Portugues::VOC Portugues::VOC::Animais Vocabulary::Animals Vocabulary::Animals::Basic Vocabulary::Animals::Portugues Vocabulary::Food::Animal Vocabulary::Food::Poultry
cóndor	<img src="_condor.JPG">	cóndor	o cóndor	u ˈkɔnduɾ	u ˈkɔnduʁ	sm	Ave de rapina de grande porte encontrada nas Américas.		condor	ˈkʰɑnˌdɔr	ˈkʰɒndɔː	n	A large bird of prey found in South America, known for its soaring ability.		cóndor						condor						Kondor						còndor						condor												Portugues::VOC Portugues::VOC::Animais Vocabulary::Animals Vocabulary::Animals::Basic Vocabulary::Animals::Portugues
águia	<img src="_eagle.jpg">	águia	a águia	ɐ ˈaɡjɐ	a ˈaɡjɐ	sf	Ave de rapina poderosa e símbolo de força e liberdade.		eagle	ˈiɡəl	ˈiːɡᵊl	n	A large bird of prey known for its keen vision and powerful flight.		águila						aigle						Adler						àguila						aquila												Portugues::VOC Portugues::VOC::Animais Vocabulary::Animals Vocabulary::Animals::Basic Vocabulary::Animals::Portugues Vocabulary::Birds
galinha		galinha	a galinha	ɐ ɡɐˈliɲɐ	a ɡaˈliɲɐ	sf	Ave doméstica cuja carne é muito consumida.		hen	ˈhɛn	ˈhen	n	A mature female chicken.		gallina						poule						Huhn						gallina						gallina												Curso::1A2 Portugues::VOC Portugues::VOC::Alimentos Portugues::VOC::Alimentos::Carne Portugues::VOC::Alimentos::Carne::Aves Portugues::VOC::Animais Vocabulary::Animals Vocabulary::Animals::Basic Vocabulary::Animals::Portugues Vocabulary::Food Vocabulary::Food::Animal Vocabulary::Food::Meat Vocabulary::Food::Poultry
mosca	<img src="_mosca.JPG">	mosca	a mosca	ɐ ˈmɔʃkɐ	a ˈmɔskɐ	sf	Ave pernalta de cor rosada, encontrada em regiões tropicais.		fly	ˈflaɪ	ˈflaɪ	n	A small, flying insect known for its buzzing sound.		mosca						mouche						Fliege						mosca						mosca												Portugues::VOC Portugues::VOC::Animais Portugues::VOC::Animais::Insetos Vocabulary::Animals Vocabulary::Animals::Basic Vocabulary::Animals::Portugues Vocabulary::Insects
dromedário	<img src="_dromedario.JPG">	dromedário	o dromedário	u dɾumɨˈdaɾiu	u dɾomeˈdaɾiu	sm	Camelo com uma corcova, adaptado ao deserto.		dromedary	ˈdɹɑməˌdɛri	ˈdrɒmədᵊri	n	A one-humped camel adapted to desert environments.		dromedario						dromadaire						Dromedar						dromedari						dromedario												Portugues::VOC Portugues::VOC::Animais Vocabulary::Animals Vocabulary::Animals::Basic Vocabulary::Animals::Portugues
frango (alimento)		frango	o frango	u ˈfɾɐ̃ɡu	u ˈfɾɐ̃ɡu	sm	Carne de galinha usada na alimentação.		chicken (food)	ˈtʃɪkn̩ | ˈfud |	ˈtʃɪkɪn | ˈfuːd |	n	Meat from a domesticated fowl, often cooked and eaten.		pollo (joven)						poulet						Hähnchen						pollastre						pollo												Curso::1A2 Portugues::VOC Portugues::VOC::Alimentos Portugues::VOC::Alimentos::Carne Portugues::VOC::Alimentos::Carne::Aves Vocabulary::Animals::Basic Vocabulary::Animals::Portugues Vocabulary::Food Vocabulary::Food::Animal Vocabulary::Food::Meat Vocabulary::Food::Poultry
peixe (alimento)		peixe	o peixe	u ˈpɐjʃɨ	u ˈpejʃi	sm	Carne de peixe usada como alimento.		fish	ˈfɪʃ	ˈfɪʃ	n	An aquatic animal with gills and fins, typically found in water.		pez						poisson						Fisch						peix						pesce												Curso::1A2 Portugues::VOC Portugues::VOC::Alimentos Portugues::VOC::Alimentos::Marinos Portugues::VOC::Animais Vocabulary::Animals Vocabulary::Animals::Basic Vocabulary::Animals::Portugues Vocabulary::Food
porco		porco	o porco	u ˈpɔɾku	u ˈpɔʁku	sm	Carne proveniente do animal suíno, usada em várias receitas.		pig	ˈpʰɪɡ	ˈpʰɪɡ	n	A domesticated mammal raised for meat, known for its snout and curly tail.		cerdo						porc						Schwein						porc						maiale												Curso::1A2 Portugues::VOC Portugues::VOC::Alimentos Portugues::VOC::Alimentos::Carne Portugues::VOC::Animais Vocabulary::Animals Vocabulary::Animals::Basic Vocabulary::Animals::Portugues Vocabulary::Food Vocabulary::Food::Animal Vocabulary::Food::Meat
osga	<img src="_osga.JPG">	osga	a osga	ɐ ˈɔʒɡɐ	a ˈɔʒɡɐ	sf	Coberto de pelos longos e abundantes.		gecko	ˈɡɛkoʊ	ˈɡekəʊ	n	A small, tropical lizard known for its sticky toes and wall-climbing ability.		lagartija						gecko						Gecko						osga						gheco												Curso::2A2 Portugues::Livros::2A2-Cinco-minutos Portugues::VOC Portugues::VOC::Animais Vocabulary::Animals Vocabulary::Animals::Portugues Vocabulary::Lizards Vocabulary::Reptiles
raposa	<img src="_en_fox.JPG">	raposa	a raposa	ɐ ʁɐˈpɔzɐ	a ʁaˈpɔzɐ	sf	Comportamento ou movimento de um ser vivo.		fox	ˈfɑks	ˈfɒks	n	A cunning and adaptable carnivorous mammal with a bushy tail.		zorro						renard						Fuchs						guineu						volpe												Portugues::VOC Portugues::VOC::Animais Vocabulary::Animals Vocabulary::Animals::Portugues
caranguejo	<img src="_caranguejo_cangrejo_crab.JPG">	caranguejo	o caranguejo	u kɐɾɐ̃ˈɡɐʒu	u kaɾɐ̃ˈɡeʒu	sm	Crustáceo com carapaça dura e pinças poderosas.		crab	ˈkɹæb	ˈkræb	n	A crustacean with a hard shell and pincers, often found near water.		cangrejo						crabe						Krebs						cranc						granchio												Curso::1A2 Portugues::VOC Portugues::VOC::Alimentos Portugues::VOC::Alimentos::Marinos Portugues::VOC::Alimentos::Marinos::Moluscos Portugues::VOC::Animais Vocabulary::Animals Vocabulary::Animals::Basic Vocabulary::Animals::Portugues Vocabulary::Food
burro	<img src="_burro.JPG">	burro	o burro	u ˈbuʁu	u ˈbuʁu	sm	Equino utilizado para transporte e trabalho rural.		donkey	ˈdɑŋki	ˈdɒŋki	n	A domesticated hoofed animal used for work and riding.		burro						âne						Esel						ruc						asino												Portugues::VOC Portugues::VOC::Animais Vocabulary::Animals Vocabulary::Animals::Basic Vocabulary::Animals::Portugues Vocabulary::Farm_Animals Vocabulary::Horses
colmeia	<img src="_en_beehive.JPG">	colmeia	a colmeia	ɐ kɔɫˈmɐjɐ	a kɔwˈmejɐ	sf	Estrutura natural ou construída onde as abelhas vivem e produzem mel.		beehive	ˈbiˌhaɪv	ˈbiːhaɪv	n	A structure where bees live and produce honey.		colmena						ruche						Bienenstock						rusc						alveare												Portugues::VOC Portugues::VOC::Animais Vocabulary::Animals Vocabulary::Animals::Portugues
penas	<img src="_en_feathers.JPG">	penas	as penas	ɐʃ ˈpɛnɐʃ	aʃ ˈpɛnas	sfp	Estruturas que cobrem o corpo das aves, permitindo o voo.		feathers	ˈfɛðə˞z	ˈfeðəz	n	The covering of birds, used for warmth and flight.		plumas						plumes						Federn						plomes						piume												Portugues::Falso_Amigo Portugues::VOC Portugues::VOC::Animais Vocabulary::Animals Vocabulary::Animals::Portugues
vaca (animal)	<img src="_en_cow.JPG">	vaca	a vaca	ɐ ˈvakɐ	a ˈvakɐ	sf	Fêmea do boi, criada para leite e carne.		cow	ˈkʰaʊ	ˈkʰaʊ	n	A mature female bovine animal, raised for milk or meat.		vaca						vache						Kuh						vaca						mucca												Curso::1A2 Portugues::VOC Portugues::VOC::Alimentos Portugues::VOC::Alimentos::Carne Portugues::VOC::Animais Vocabulary::Animals Vocabulary::Animals::Basic Vocabulary::Animals::Portugues Vocabulary::Food Vocabulary::Food::Animal Vocabulary::Food::Meat
cachorra (BR)	<img src="_cachorra.JPG">	cachorra	a cachorra	ɐ kɐˈʃɔʁɐ	a kaˈʃɔʁɐ	sf	Fêmea do cão, termo comum no Brasil.		bitch	ˈbɪtʃ	ˈbɪtʃ	n	A derogatory term for a spiteful or aggressive woman.		perra						chienne						Hündin						gosseta, gossa						cagna												Portugues::VOC Portugues::VOC::Animais Vocabulary::Animals Vocabulary::Animals::Basic Vocabulary::Animals::Portugues
cadela	<img src="_cadela.JPG">	cadela	a cadela	ɐ kɐˈdɛlɐ	a kaˈdɛlɐ	sf	Fêmea do cão.		bitch	ˈbɪtʃ	ˈbɪtʃ	n	A female dog.		perra						chienne						Hündin						gosseta, gossa						cagna												Portugues::VOC Portugues::VOC::Animais Vocabulary::Animals Vocabulary::Animals::Basic Vocabulary::Animals::Portugues
porquinho-da-índia	<img src="_porquinho_da_india.JPG">	porquinho-da-índia	o porquinho-da-índia	u puɾkiɲudɐˈĩdiɐ	u poʁkiɲodaˈĩdʒiɐ	sm	Grande mamífero carnívoro de pelagem marrom.		guinea pig	ˈɡɪni ˈpʰɪɡ	ˈɡɪni ˈpʰɪɡ	n	A domesticated rodent often kept as a pet.		cobaya						cobaye						Meerschweinchen						cavallí						cavia												Portugues::VOC Portugues::VOC::Animais Vocabulary::Animals Vocabulary::Animals::Basic Vocabulary::Animals::Portugues Vocabulary::Rodents
traça	<img src="_traca_polilla.JPG">	traça	a traça	ɐ ˈtɾasɐ	a ˈtɾasɐ	sf	Inseto com asas que costuma danificar roupas e livros.		moth (clothes)	ˈmɔθ | ˈkloʊz |	ˈmɒθ | ˈkləʊðz |	n	An insect that damages clothing and fabrics by feeding on natural fibers.		carcoma						mite						Motte (Kleider)						arnaitarna						tarme												Curso::2A2 Lugares::Portugal Portugues::VOC Portugues::VOC::Animais Vocabulary::Animals Vocabulary::Animals::Portugues Vocabulary::Insects
besouro	<img src="_en_beetle.JPG">	besouro	o besouro	u bɨˈzoɾu	u beˈzoɾu	sm	Inseto com corpo duro e asas protegidas por um par de élitros.		beetle	ˈbitl̩	ˈbiːtᵊl	n	A hard-bodied insect with wings and chewing mouthparts.		escarabajo						coléoptère						Käfer						escarabat						coleottero												Portugues::VOC Portugues::VOC::Animais Portugues::VOC::Animais::Insetos Vocabulary::Animals Vocabulary::Animals::Portugues Vocabulary::Insects
borboleta	<img src="_mariposa.JPG">	borboleta	a borboleta	ɐ buɾbuˈlɛtɐ	a boʁboˈlɛtɐ	sf	Inseto de asas coloridas que passa por metamorfose.		butterfly	ˈbətə˞ˌflaɪ	ˈbʌtəflaɪ	n	An insect with colorful, scaled wings, known for metamorphosis.		mariposa (com "b")						papillon						Schmetterling						papallona						farfalla												Curso::2A2 Portugues::VOC Portugues::VOC::Animais Portugues::VOC::Animais::Insetos Vocabulary::Animals Vocabulary::Animals::Basic Vocabulary::Animals::Portugues Vocabulary::Insects
mariposa	<img src="_mariposa_.JPG">	mariposa	a mariposa	ɐ mɐɾiˈpɔzɐ	a maɾiˈpɔzɐ	sf	Inseto noturno semelhante a uma borboleta.		moth	ˈmɔθ	ˈmɒθ	n	A nocturnal insect attracted to light, known for scaly wings.		polilla						phalène						Motte						papallona noturna						falena												Curso::2A2 Portugues::VOC Vocabulary::Animals Vocabulary::Animals::Basic Vocabulary::Animals::Portugues Vocabulary::Insects
ação	<img src="fowl.jpg">	ação	a ação	ɐ ɐˈsɐ̃w̃	a aˈsɐ̃w̃	sf	Inseto pequeno de asas transparentes, frequentemente visto em ambientes urbanos.		fowl	ˈfaʊəl	ˈfaʊl	n	A domesticated bird kept for meat and eggs.		ave						oiseau						Geflügel						aucell						uccello												Portugues::VOC Portugues::VOC::Animais Vocabulary::Animals Vocabulary::Animals::Portugues
abelha		abelha	a abelha	ɐ ɐˈbɐʎɐ	a aˈbeʎɐ	sf	Inseto polinizador que produz mel e cera.		bee	ˈbi	ˈbiː	n	A flying insect known for its role in pollination and producing honey.		abeja						abeille						Biene						abella						ape												Portugues::VOC Portugues::VOC::Animais Portugues::VOC::Animais::Insetos Vocabulary::Animals Vocabulary::Animals::Basic Vocabulary::Animals::Portugues Vocabulary::Insects
urso-pardo	<img src="_urso_pardo.JPG">	urso-pardo	o urso-pardo	u uɾsuˈpaɾdu	u uʁsoˈpaʁdu	sm	Inseto que se move aos saltos, como o gafanhoto.		grizzly bear	ˈɡɹɪzli ˈbɛr	ˈɡrɪzli ˈbeə	n	A large bear species native to North America, known for its size and power.		oso grizzly						ours grizzly						Grizzlybär						ós gris						orso grizzly												Portugues::VOC Portugues::VOC::Animais Vocabulary::Animals Vocabulary::Animals::Basic Vocabulary::Animals::Portugues Vocabulary::Bears
ganso	<img src="_en_goose.JPG">	ganso	o ganso	u ˈɡɐ̃su	u ˈɡɐ̃su	sm	Macho adulto da cabra.		goose	ˈɡus	ˈɡuːs	n	A large waterfowl known for its long neck and loud honk.		ganso						oie						Gans						oca						oca												Portugues::VOC Portugues::VOC::Animais Vocabulary::Animals Vocabulary::Animals::Portugues Vocabulary::Birds Vocabulary::Farm_Animals
touro	<img src="_touro-cc6c3e158f495dc18c214de211b78814787befcd.JPG">	touro	o touro	u ˈtoɾu	u ˈtoɾu	sm	Macho adulto do boi, geralmente usado para reprodução.		bull	ˈbʊl	ˈbʊl	n	A mature male bovine animal, often used for breeding.		toro						taureau						Stier						bou						toro												Portugues::VOC Portugues::VOC::Animais Vocabulary::Animals Vocabulary::Animals::Basic Vocabulary::Animals::Portugues Vocabulary::Farm_Animals
baleia-azul	<img src="_baleia_azul.JPG">	baleia-azul	a baleia-azul	ɐ bɐlɐjɐɐˈzuɫ	a balejaaˈzuw	sf	Maior animal existente, encontrado nos oceanos.		blue whale	ˈblu ˈweɪl	ˈbluː ˈweɪl	n	The largest animal on Earth, a marine mammal known for its blue-gray color.		ballena azul						baleine bleue						Blauwal						balena blava						balena azzurra												Portugues::VOC Portugues::VOC::Animais Vocabulary::Animals Vocabulary::Animals::Basic Vocabulary::Animals::Portugues
elefante		elefante	o elefante	u ilɨˈfɐ̃tɨ	u ileˈfɐ̃tʃi	sm	Maior mamífero terrestre, com tromba e presas de marfim.		elephant	ˈɛləfənt	ˈelɪfənt	n	A large herbivorous mammal with a long trunk and tusks.		elefante						éléphant						Elefant						elefant						elefante												Portugues::VOC Portugues::VOC::Animais Vocabulary::Animals Vocabulary::Animals::Basic Vocabulary::Animals::Portugues
grama	<img src="_grass.PNG">	grama	a grama	ɐ ˈɡɾɐmɐ	a ˈɡɾɐmɐ	sf	Maior primata, encontrado na África.		grass	ˈɡɹæs	ˈɡrɑːs	n	A green plant eaten by grazing animals.		hierba						herbe						Gras						herba						erba												Portugues::VOC Portugues::VOC::Animais Vocabulary::Animals Vocabulary::Animals::Portugues
capivara	<img src="_capivara.JPG">	capivara	a capivara	ɐ kɐpiˈvaɾɐ	a kapiˈvaɾɐ	sf	Maior roedor do mundo, encontrado em áreas úmidas da América do Sul.		capybara	ˌkæpɪˈbɛrə	ˌkæpɪˈbɑːrə	n	A large, semi-aquatic rodent native to South America.		capibara						capybara						Wasserschwein						capibara						capibara												Portugues::VOC Portugues::VOC::Animais Vocabulary::Animals Vocabulary::Animals::Basic Vocabulary::Animals::Portugues
camelo	<img src="camel small.JPG">	camelo	o camelo	u kɐˈmɛlu	u kɐˈmɛlu	sm	Mamífero adaptado a regiões desérticas, conhecido pelas corcovas.		camel	ˈkʰæməl	ˈkʰæmᵊl	n	A large, humped mammal adapted for desert environments.		camello						chameau						Kamel						camel						cammello												Portugues::VOC Portugues::VOC::Animais Vocabulary::Animals Vocabulary::Animals::Basic Vocabulary::Animals::Portugues
coiote	<img src="_coiote.JPG">	coiote	o coiote	u kojˈɔtɨ	u kojˈɔtʃi	sm	Mamífero canídeo nativo da América do Norte, semelhante ao lobo.		coyote	kaɪˈoʊti	kaɪˈəʊti	n	A wild canine found in North America, known for its adaptability.		coyote						coyote						Kojote						coiot						coyote												Portugues::VOC Portugues::VOC::Animais Vocabulary::Animals Vocabulary::Animals::Basic Vocabulary::Animals::Portugues
rã	<img src="_en_frog.JPG">	rã	a rã	ɐ ˈʁɐ̃	a ˈʁɐ̃	sf	Mamífero carnívoro conhecido por sua astúcia e cauda peluda.		frog	ˈfɹɔɡ	ˈfrɒɡ	n	An amphibian known for jumping, moist skin, and croaking.		rana						grenouille						Frosch						rana						rana												Portugues::VOC Portugues::VOC::Animais Vocabulary::Animals Vocabulary::Animals::Portugues
tamanduá	<img src="_tamandua.JPG">	tamanduá	o tamanduá	u tɐmɐ̃duˈa	u tɐmɐ̃duˈa	sm	Mamífero com focinho alongado e língua comprida, especializado em comer formigas e cupins.		anteater	ˈæntˌitə˞	ˈæntˌiːtə	n	A long-nosed insect-eating mammal native to Central and South America.		oso hormiguero						tamandua						Ameisenbär						ós formiguer						formichiere												Portugues::VOC Portugues::VOC::Animais Vocabulary::Animals Vocabulary::Animals::Basic Vocabulary::Animals::Portugues
lebre (animal)	<img src="_hare.jpg">	lebre	a lebre	ɐ ˈlɛbɾɨ	a ˈlɛbɾi	sf	Mamífero cuja carne é usada em pratos tradicionais.		hare	ˈhɛr	ˈheə	n	A swift mammal with long ears and powerful hind legs.		liebre						lièvre						Hase						llebre						lepre												Curso::1A2 Portugues::VOC Portugues::VOC::Alimentos Portugues::VOC::Alimentos::Carne Portugues::VOC::Animais Vocabulary::Animals Vocabulary::Animals::Portugues Vocabulary::Food Vocabulary::Food::Animal Vocabulary::Food::Meat
tatu	<img src="_tatu.JPG">	tatu	o tatu	u tɐˈtu	u taˈtu	sm	Mamífero de corpo revestido por placas ósseas que se enrola para se proteger.		armadillo	ˌɑrməˈdɪloʊ	ˌɑːməˈdɪləʊ	n	A burrowing mammal with a protective shell, native to the Americas.		armadillo						tatou						Gürteltier						tatí						armadillo												Portugues::VOC Portugues::VOC::Animais Vocabulary::Animals Vocabulary::Animals::Basic Vocabulary::Animals::Portugues
cabra	<img src="_cabras.JPG">	cabras	as cabras	ɐʃ ˈkabɾɐʃ	aʃ ˈkabɾas	sf	Mamífero de pescoço longo encontrado na África.		goat	ˈɡoʊt	ˈɡəʊt	n	A hardy domesticated ruminant raised for milk, meat, and wool.		cabra						chèvre						Ziege						cabra						capra												Portugues::VOC Portugues::VOC::Animais Vocabulary::Animals Vocabulary::Animals::Basic Vocabulary::Animals::Portugues Vocabulary::Farm_Animals
cão	<img src="_en_dog.JPG">	cão	o cão	u ˈkɐ̃w̃	u ˈkɐ̃w̃	sm	Mamífero domesticado, conhecido como o melhor amigo do homem.		dog	ˈdɔɡ	ˈdɒɡ	n	A domesticated carnivorous mammal, loyal and often kept as a pet.		perro						chien						Hund						gos						cane												Portugues::VOC Portugues::VOC::Animais Vocabulary::Animals Vocabulary::Animals::Basic Vocabulary::Animals::Portugues
gato	<img src="_en_cat.JPG">	gato	o gato	u ˈɡatu	u ˈɡatu	sm	Mamífero felino domesticado, conhecido por sua agilidade e independência.		cat	ˈkʰæt	ˈkʰæt	n	A small, domesticated carnivorous mammal often kept as a pet.		gato						chat						Katze						gat						gatto												Portugues::VOC Portugues::VOC::Animais Vocabulary::Animals Vocabulary::Animals::Basic Vocabulary::Animals::Portugues
antílope	<img src="_antilope.JPG">	antílope	o antílope	u ɐ̃ˈtilupɨ	u ɐ̃ˈtʃilupi	sm	Mamífero herbívoro de chifres elegantes e corpo ágil, encontrado principalmente na África e Ásia.		antelope	ˈæntɪˌloʊp	ˈæntɪləʊp	n	A swift-running, graceful herbivore with long legs and horns found in Africa and Eurasia.		antílope						antilope						Antilope						antílop						antilope												Portugues::VOC Portugues::VOC::Animais Portugues::VOC::Animais::Salvagens Vocabulary::Africa Vocabulary::Animals Vocabulary::Animals::Basic Vocabulary::Animals::Portugues
golfinho		golfinho	o golfinho	u ɡɔɫˈfiɲu	u ɡɔwˈfiɲu	sm	Mamífero marinho inteligente e sociável.		dolphin	ˈdɑlfən	ˈdɒlfɪn	n	A highly intelligent marine mammal known for its playful behavior.		delfín						dauphin						Delfin						dofofinno						delfino												Curso::2A2::U5-Eu-Ja-Tinha-Visto::Festival-Flores-Madeira Portugues::VOC Portugues::VOC::Animais Vocabulary::Animals Vocabulary::Animals::Basic Vocabulary::Animals::Portugues
suricata	<img src="_suricata_meerkat.JPG">	suricata (rato do deserto)	a suricata	ɐ suɾiˈkatɐ	a suɾiˈkatɐ	sm	Mamífero pequeno também chamado de rato do deserto.		meerkat	ˈmɪrˌkæt	ˈmɪəkæt	n	A small carnivorous mammal that lives in groups and hunts cooperatively.		suricata						suricate						Erdmännchen						suricata						suricato												Curso::2A2 Portugues::VOC Portugues::VOC::Animais Portugues::VOC::Animais::Salvagens Vocabulary::Africa Vocabulary::Animals Vocabulary::Animals::Basic Vocabulary::Animals::Portugues
veado	<img src="_en_deer.JPG">	veado	o veado	u viˈadu	u viˈadu	sm	Mamífero ruminante com chifres ramificados.		deer	ˈdɪr	ˈdɪə	n	A herbivorous mammal with antlers, often found in forests.		ciervo						cerf						Hirsch						cabirol						cervo												Portugues::VOC Portugues::VOC::Animais Vocabulary::Animals Vocabulary::Animals::Portugues
alpaca	<img src="_alpaca.JPG">	alpaca	a alpaca	ɐ aɫˈpakɐ	a awˈpakɐ	sf	Mamífero ruminante criado principalmente para produção de lã.		alpaca	ælˈpʰækə	ælˈpʰækə	n	A domesticated South American mammal valued for its wool and used as a pack animal.		alpaca						alpaga						Alpaka						alpaca						alpaca												Portugues::VOC Portugues::VOC::Animais Vocabulary::Animals Vocabulary::Animals::Basic Vocabulary::Animals::Portugues
bode	<img src="_bode.JPG">	bode	o bode	u ˈbɔdɨ	u ˈbɔdʒi	sm	Mamíferos ruminantes criados para leite, carne e lã.		goat (male)	ˈɡoʊt | ˈmeɪl |	ˈɡəʊt | ˈmeɪl |	n	A male goat.		cabra macho						bouc						Ziegenbock						cabrotto						caprone												Portugues::VOC Portugues::VOC::Animais Vocabulary::Animals Vocabulary::Animals::Basic Vocabulary::Animals::Portugues
marfim	<img src="_marfim_marfil.JPG">	marfim	o marfim	u mɐɾˈfĩ	u maʁˈfĩ	sm	Material branco e duro obtido das presas de elefantes.		ivory	ˈaɪvə˞ɹi	ˈaɪvᵊri	n	The hard white material of elephant tusks.		marfil						ivoire						Elfenbein						marfí						avorio												Curso::2A2 Portugues::Livros::2A2-Cinco-minutos Portugues::VOC Vocabulary::Africa Vocabulary::Animals Vocabulary::Animals::Portugues Vocabulary::Elephants Vocabulary::Materials
ave de rapina	<img src="_aves_de_rapina.JPG">	ave de rapina	a ave de rapina	ɐ ˈavɨ dɨ ʁɐˈpinɐ	a ˈavi dʒi ʁaˈpinɐ	sf	Pássaro carnívoro com garras afiadas e bico curvo.		bird of prey	ˈbɜ˞d əv ˈpɹeɪ	ˈbɜːd əv ˈpreɪ	n	A predatory bird adapted for hunting with keen eyesight and sharp talons.		ave de rapiña						oiseau de proie						Raubvogel						au rapinya						uccello rapace												Curso::2A2 Portugues::Livros::2A2-Cinco-minutos Portugues::VOC Portugues::VOC::Animais::Aves Vocabulary::Animals Vocabulary::Animals::Portugues Vocabulary::Birds
cacatua	<img src="_cacatua.JPG">	cacatua	a cacatua	ɐ kɐkɐˈtuɐ	a kakaˈtuɐ	sf	Pássaro exótico com penacho móvel e bico curvo.		cockatoo	ˈkʰɑkəˌtu	ˌkɒkəˈtʰuː	n	A parrot species with a distinctive crest and bright plumage.		cacatúa						cacatoès						Kakadu						cacatua						cacatua												Portugues::VOC Portugues::VOC::Animais Vocabulary::Animals Vocabulary::Animals::Basic Vocabulary::Animals::Portugues
canário	<img src="_canario.JPG">	canário	o canário	u kɐˈnaɾiu	u kɐˈnaɾiu	sm	Pássaro pequeno conhecido por seu canto melodioso.		canary	kəˈnɛri	kəˈneəri	n	A small songbird, often kept as a pet for its singing.		canario						canari						Kanarienvogel						canari						canarino												Portugues::VOC Portugues::VOC::Animais Vocabulary::Animals Vocabulary::Animals::Basic Vocabulary::Animals::Portugues Vocabulary::Birds
tubarão (animal)	<img src="_en_shark.JPG">	tubarão	o tubarão	u tubɐˈɾɐ̃w̃	u tubaˈɾɐ̃w̃	sm	Peixe grande e predador que habita os mares.		shark	ˈʃɑrk	ˈʃɑːk	n	A predatory fish with sharp teeth and a dorsal fin.		tiburón						requin						Hai						tiburo						tiburone												Curso::2A2 Portugues::Livros::2A2-Cinco-minutos Portugues::VOC Portugues::VOC::Animais Vocabulary::Animals Vocabulary::Animals::Basic Vocabulary::Animals::Portugues Vocabulary::Sea_Animals Vocabulary::Sharks
barracuda	<img src="_barracuda.JPG">	barracuda	a barracuda	ɐ bɐʁɐˈkudɐ	a baʁaˈkudɐ	sf	Peixe predador de águas tropicais, conhecido por sua velocidade e dentes afiados.		barracuda	ˌbɛrəˈkʰudə	ˌbærəˈkʰuːdə	n	A large, predatory fish known for its speed and sharp teeth.		pez barracuda						barracuda						Barrakuda						barra barracuda						barracuda												Portugues::VOC Portugues::VOC::Animais Vocabulary::Animals Vocabulary::Animals::Basic Vocabulary::Animals::Portugues
hamster	<img src="_hamster.JPG">	hamster	o hamster	u ɐ̃ˈʃteɾ	u ɐ̃sˈteʁ	sm	Pequeno roedor criado como animal de estimação.		hamster	ˈhæmstə˞	ˈhæmstə	n	A small rodent often kept as a pet, known for its cheek pouches.		hámster						hamster						Hamster						hàmster						criceto												Portugues::VOC Portugues::VOC::Animais Vocabulary::Animals Vocabulary::Animals::Basic Vocabulary::Animals::Portugues
apicultor	<img src="_en_beekeeper.JPG">	apicultor	o apicultor	u ɐpikuɫˈtoɾ	u apikuwˈtoʁ	sm	Pessoa que cria abelhas para obter mel, cera e outros produtos.		beekeeper	ˈbiˌkipə˞	ˈbiːˌkiːpə	n	A person who maintains beehives and cares for bees.		apicultor						apiculteur						Imker						apicultor						apicoltore												Portugues::VOC Portugues::VOC::Animais Portugues::VOC::Trabalho::Profissoes Vocabulary::Animals Vocabulary::Animals::Portugues Vocabulary::Farm_Animals Vocabulary::Work_n_Career::Profession
saltão	<img src="grasshopper.jpg">	saltão	o saltão	u saɫˈtɐ̃w̃	u sawˈtɐ̃w̃	sm	Planta rasteira comum em jardins e pastagens.		grasshopper	ˈɡɹæsˌhɑpə˞	ˈɡrɑːsˌhɒpə	n	An insect with long hind legs adapted for jumping.		saltamontes						sauterelle						Grashüpfer						saltamartins						cavalletta												Portugues::VOC Portugues::VOC::Animais Vocabulary::Animals Vocabulary::Animals::Portugues
colorido	<img src="Colorful.JPG">	colorido	colorido	kuluˈɾidu	koloˈɾidu	adj m	Que possui várias cores, vibrante ou chamativo.		colorful	ˈkʰələ˞fəl	ˈkʰʌləfʊl	adj	Having vibrant or striking colors.		colorido						coloré						farbenfroh						colorit						colorato												Portugues::VOC Portugues::VOC::Animais Vocabulary::Animals Vocabulary::Animals::Portugues
girafa	<img src="_en_giraffe.JPG">	girafa	a girafa	ɐ ʒiˈɾafɐ	a ʒiˈɾafɐ	sf	Réptil pequeno conhecido como lagartixa.		giraffe	dʒə˞ˈɹæf	dʒɪˈrɑːf	n	A tall, long-necked herbivorous mammal native to Africa.		jirafa						girafe						Giraffe						jirafa						giraffa												Portugues::VOC Portugues::VOC::Animais Vocabulary::Animals Vocabulary::Animals::Basic Vocabulary::Animals::Portugues
crocodilo	<img src="_nile_crocodile.jpg">	crocodilo	o crocodilo	u kɾukuˈdilu	u kɾokoˈdʒilu	sm	Réptil predador de águas tropicais e subtropicais.		crocodile	ˈkɹɑkəˌdaɪəl	ˈkrɒkəˌdaɪl	n	A large reptile known for its thick skin and strong jaws.		cocodrilo						crocodile						Krokodil						cocodril						coccodrillo												Portugues::VOC Portugues::VOC::Animais Vocabulary::Animals Vocabulary::Animals::Portugues
caimão	<img src="_caiman.JPG">	caimão	o caimão	u kɐjˈmɐ̃w̃	u kajˈmɐ̃w̃	sm	Réptil semelhante ao jacaré, encontrado nas Américas.		caiman	ˈkʰeɪmən	ˈkʰeɪmən	n	A large, carnivorous reptile native to Central and South America.		caimán						caïman						Kaiman						caima						alligatore												Portugues::VOC Portugues::VOC::Animais Vocabulary::Animals Vocabulary::Animals::Basic Vocabulary::Animals::Portugues
esquilo	<img src="_esquilo_squirrel_ardilla.JPG">	esquilo	o esquilo	u sˈkilu	u isˈkilu	sm	Roedor ágil que vive em árvores.		squirrel	ˈskwɜ˞ɹəl	ˈskwɪrᵊl	n	A small rodent known for its bushy tail and agile movements.		ardilla						écureuil						Eichhörnchen						esquirol						scoiattolo												Curso::2A2 Portugues::VOC Portugues::VOC::Animais Vocabulary::Animals Vocabulary::Animals::Basic Vocabulary::Animals::Portugues Vocabulary::Rodents
dragão	<img src="_en_dragon.JPG">	dragão	o dragão	u dɾɐˈɡɐ̃w̃	u dɾaˈɡɐ̃w̃	sm	Ser mitológico associado ao fogo e à força.		dragon	ˈdɹæɡən	ˈdræɡᵊn	n	A mythical reptile or a large, fire-breathing lizard in folklore.		dragón						dragon						Drache						drac						dragone												Portugues::VOC Portugues::VOC::Animais Vocabulary::Animals Vocabulary::Animals::Portugues
anaconda	<img src="_anaconda.JPG">	anaconda	a anaconda	ɐ ɐnɐˈkõdɐ	a ɐnaˈkõdɐ	sf	Serpente grande e constritora encontrada em regiões tropicais da América do Sul.		anaconda	ˌænəˈkʰɑndə	ˌænəˈkʰɒndə	n	A large snake native to South America, known for its size and constriction ability.		anaconda						anaconda						Anakonda						anaconda						anaconda												Portugues::VOC Portugues::VOC::Animais Vocabulary::Animals Vocabulary::Animals::Basic Vocabulary::Animals::Portugues Vocabulary::Snakes
cachorro (BR)	<img src="_dog.JPG">	cachorro	o cachorro	u kɐˈʃɔʁu	u kaˈʃɔʁu	sm	Termo popular para o cão no Brasil.		dog	ˈdɔɡ	ˈdɒɡ	n	A derogatory term for a despicable or cowardly person.		perro						chien						Hund						gos						cane												Portugues::VOC Portugues::VOC::Animais Vocabulary::Animals Vocabulary::Animals::Basic Vocabulary::Animals::Portugues
beija-flor	<img src="_en_hummingbird.JPG">	beija-flor	o beija-flor	u bɐjʒɐˈflɔɾ	u bejʒaˈflɔʁ	sm	Um pequeno pássaro conhecido por seu rápido bater de asas e capacidade de pairar no ar.		hummingbird	ˈhəmɪŋˌbɜ˞d	ˈhʌmɪŋbɜːd	n	A tiny bird known for its hovering ability and rapid wing beats.		colibrí						colibri						Kolibri						colibrí						colibrì												Portugues::VOC Portugues::VOC::Animais Vocabulary::Animals Vocabulary::Animals::Portugues Vocabulary::Birds
morcego	<img src="_en_bat.JPG">	morcego	o morcego	u muɾˈsɛɡu	u moʁˈsɛɡu	sm	Único mamífero capaz de voar, muitas vezes associado a mitos e lendas.		bat	ˈbæt	ˈbæt	n	A small, nocturnal mammal capable of flight, using echolocation to navigate.		murciélago						chauve-souris						Fledermaus						ratpenat , pipistrel·la						pipistrello												Portugues::VOC Portugues::VOC::Animais Vocabulary::Animals Vocabulary::Animals::Portugues
falcão	<img src="_peregrine_hawk.jpg">	falcão	o falcão	u faɫˈkɐ̃w̃	u fawˈkɐ̃w̃	sm	A ave de rapina veloz e ágil, usada em falcoaria.		hawk	ˈhɔk	ˈhɔːk	n	A bird of prey known for its sharp talons and keen eyesight.		halcón						faucon						Falke						falcó						falco												Portugues::VOC Portugues::VOC::Animais Vocabulary::Animals Vocabulary::Animals::Portugues
ouriço	<img src="_en_hedgehog.JPG">	ouriço	o ouriço	u oˈɾisu	u oˈɾisu	sm	Mamífero coberto de espinhos que se enrola ao se defender.		hedgehog	ˈhɛdʒˌhɔɡ	ˈhedʒhɒɡ	n	A small, spiny mammal capable of rolling into a ball.		erizo						hérisson						Igel						porc espí						riccio												Portugues::VOC Portugues::VOC::Animais Vocabulary::Animals Vocabulary::Animals::Portugues
cascos	<img src="_hooves.jpg">	cascos	os cascos	uʃ ˈkaʃkuʃ	uʃ ˈkaskus	smp	Estruturas duras que protegem os pés de alguns animais, como cavalos.		hooves	ˈhuvz	ˈhuːvz	n	The hard, horny part of a hoofed animal's foot.		pezuñas						sabots						Hufe						peüs						zoccoli												Portugues::VOC Portugues::VOC::Animais Vocabulary::Animals Vocabulary::Animals::Portugues Vocabulary::Farm_Animals
cavalo	<img src="_en_horse.JPG">	cavalo	o cavalo	u kɐˈvalu	u kaˈvalu	sm	Mamífero doméstico usado para montaria, trabalho e esportes.		horse	ˈhɔrs	ˈhɔːs	n	A large, domesticated hoofed mammal used for riding and work.		caballo						cheval						Pferd						cavall						cavallo												Portugues::VOC Portugues::VOC::Animais Vocabulary::Animals Vocabulary::Animals::Basic Vocabulary::Animals::Portugues Vocabulary::Domestic_Animals Vocabulary::Farm_Animals Vocabulary::Horses
hereira	<img src="_horse_shoe.jpg">	hereira	a hereira	ɐ iˈɾɐjɾɐ	a iˈɾejɾɐ	sf	Nome incorreto, talvez queira dizer "hiena".		horse shoe	ˈhɔrs ˈʃu	ˈhɔːs ˈʃuː	n	A metal covering for a horse’s hoof.		herradura						fer à cheval						Hufeisen						herro						ferro di cavallo												Portugues::VOC Portugues::VOC::Animais Vocabulary::Animals Vocabulary::Animals::Portugues
hiéna	<img src="_hyena.jpg">	hiéna	a hiena	ɐ iˈɛnɐ	a iˈɛnɐ	sf	Mamífero carnívoro africano conhecido por seu riso característico.		hyena	haɪˈinə	haɪˈiːnə	n	A carnivorous mammal known for scavenging and group hunting.		hiena						hyène						Hyäne						hiena						iena												Portugues::VOC Portugues::VOC::Animais Vocabulary::Animals Vocabulary::Animals::Portugues
insetos	<img src="_insects.PNG">	insetos	os insetos	uʃ ĩˈsɛtuʃ	uʃ ĩˈsɛtus	smp	Pequenos invertebrados de seis patas e corpo segmentado.		insects	ˈɪnˌsɛkts	ˈɪnsekts	n	A group of invertebrates including insects, spiders, and crustaceans.		insectos						insectes						Insekten						insectes						insetti												Portugues::VOC Portugues::VOC::Animais Vocabulary::Animals Vocabulary::Animals::Portugues
jaguar	<img src="_en_jaguar.JPG">	jaguar	o jaguar	u ʒɐˈɡwaɾ	u ʒaˈɡwaʁ	sm	Grande felino americano com pelagem manchada e poderosa mordida.		jaguar	ˈdʒæˌɡwɑr	ˈdʒæɡjʊə	n	A large feline native to the Americas, known for its power and stealth.		jaguar						jaguar						Jaguar						jaguar						giaguaro												Portugues::VOC Portugues::VOC::Animais Vocabulary::Animals Vocabulary::Animals::Basic Vocabulary::Animals::Portugues
canguru	<img src="_canguru.JPG">	canguru	o canguru	u kɐ̃ɡuˈɾu	u kɐ̃ɡuˈɾu	sm	Marsupial australiano com pernas fortes para saltos longos.		kangaroo	ˌkæŋɡə˞ˈɹu	ˌkæŋɡᵊrˈuː	n	A marsupial known for its strong hind legs and jumping ability.		canguro						kangourou						Känguru						cangur						canguro												Portugues::VOC Portugues::VOC::Animais Vocabulary::Animals Vocabulary::Animals::Basic Vocabulary::Animals::Portugues
orca	<img src="_orca.JPG">	orca	a orca	ɐ ˈɔɾkɐ	a ˈɔʁkɐ	sf	Mamífero marinho predador, também chamado de baleia assassina.		killer whale	ˈkʰɪlə˞ ˈweɪl	ˈkʰɪlə ˈweɪl	n	A large predatory marine mammal known for its distinctive black and white coloring.		orca						orque						Orca						orca						orca												Portugues::VOC Portugues::VOC::Animais Vocabulary::Animals Vocabulary::Animals::Basic Vocabulary::Animals::Portugues
dragão-de-komodo	<img src="_dragao-de-komodo.JPG">	dragão-de-komodo	o dragão-de-komodo	u dɾɐˈɡɐ̃w̃dɨumudu	u dɾaˈɡɐ̃w̃deumudu	sm	Grande lagarto carnívoro encontrado na Indonésia.		komodo dragon	kəˈmoʊdoʊ ˈdɹæɡən	#komodo# ˈdræɡᵊn	n	A large lizard native to Indonesia, known for its venomous bite.		dragón de Komodo						dragon de Komodo						Komodowaran						drac de Komodo						drago di Komodo												Portugues::VOC Portugues::VOC::Animais Vocabulary::Animals Vocabulary::Animals::Basic Vocabulary::Animals::Portugues
joaninha	<img src="_en_ladybug.JPG">	joaninha	a joaninha	ɐ ʒuɐˈniɲɐ	a ʒoɐˈniɲɐ	sf	Inseto pequeno e colorido, útil no controle de pragas.		ladybug	ˈleɪdiˌbəɡ	ˈleɪdibʌɡ	n	A small, brightly colored beetle with spots, often considered beneficial.		mariquita						coccinelle						Marienkäfer						marieta						coccinella												Portugues::VOC Portugues::VOC::Animais Vocabulary::Animals Vocabulary::Animals::Portugues
tartaruga-terrestre	<img src="_en_turtle.JPG">	tartaruga-terrestre	a tartaruga-terrestre	ɐ tɐɾtɐɾuɡɐtɨˈʁɛʃtɾɨ	a taʁtaɾuɡateˈʁɛstɾi	sf	Répteil de casco duro que vive em ambientes secos.		land tortoise	ˈlænd ˈtʰɔrtəs	ˈlænd ˈtʰɔːtəs	n	A tortoise adapted to terrestrial environments.		tortuga de tierra						tortue terrestre						Landkröte						tortuga terrestre						tartaruga terrestre												Portugues::VOC Portugues::VOC::Animais Vocabulary::Animals Vocabulary::Animals::Basic Vocabulary::Animals::Portugues Vocabulary::Reptiles Vocabulary::Turtles
leopardo	<img src="_en_leopard.JPG">	leopardo	o leopardo	u liuˈpaɾdu	u lioˈpaʁdu	sm	Felino ágil e manchado encontrado na Ásia e África.		leopard	ˈlɛpə˞d	ˈlepəd	n	A big cat with a distinctive spotted coat.		leopardo						léopard						Leopard						leopard						leopardo												Portugues::VOC Portugues::VOC::Animais Vocabulary::Africa Vocabulary::Animals Vocabulary::Animals::Basic Vocabulary::Animals::Portugues Vocabulary::Cats
leão	<img src="_en_lion.JPG">	leão	o leão	u ˈljɐ̃w̃	u ˈljɐ̃w̃	sm	Grande felino africano conhecido como o "rei da selva".		lion	ˈlaɪən	ˈlaɪən	n	A large carnivorous mammal known as the "king of the jungle."		león						lion						Löwe						lleó						leone												Portugues::VOC Portugues::VOC::Animais Vocabulary::Animals Vocabulary::Animals::Basic Vocabulary::Animals::Portugues
leoa	<img src="_leoa.JPG">	leoa	a leoa	ɐ liˈoɐ	a liˈoɐ	sf	Fêmea do leão, ágil e excelente caçadora.		lioness	ˈlaɪənəs	ˈlaɪənɪs	n	A female lion.		leona						lionne						Löwin						lléona						leonessa												Portugues::VOC Portugues::VOC::Animais Portugues::VOC::Animais::Salvagens Vocabulary::Animals Vocabulary::Animals::Basic Vocabulary::Animals::Portugues Vocabulary::Cats
llama	<img src="_llama.JPG">	llama	a llama	ɐ ɫˈlɐmɐ	a wˈlɐmɐ	sf	Mamífero andino usado para carga e lã.		llama	ˈlɑmə	ˈlɑːmə	n	A domesticated South American mammal used for wool and carrying loads.		llama						lamas						Lama						llama						alpaca												Portugues::VOC Portugues::VOC::Animais Vocabulary::Animals Vocabulary::Animals::Basic Vocabulary::Animals::Portugues
lince	<img src="_en_lynx.JPG">	lince	o lince	u ˈlĩsɨ	u ˈlĩsi	sm	Felino de porte médio com as orelhas pontudas e tufos de pelo.		lynx	ˈlɪŋks	ˈlɪŋks	n	A medium-sized wild cat with tufted ears.		lince						lynx						Luchs						llop cerval						lince												Portugues::VOC Portugues::VOC::Animais Vocabulary::Animals Vocabulary::Animals::Portugues
arara	<img src="_arara.JPG">	arara	a arara	ɐ ɐˈɾaɾɐ	a aˈɾaɾɐ	sf	Ave colorida da América do Sul, famosa por seu bico forte.		macaw	məˈkʰɔ	məˈkʰɔː	n	A large, colorful parrot native to Central and South America.		guacamaya						ara						Ara						arara						ara												Portugues::VOC Portugues::VOC::Animais Vocabulary::Animals Vocabulary::Animals::Basic Vocabulary::Animals::Portugues
égua	<img src="_egua.JPG">	égua	a égua	ɐ ˈɛɡwɐ	a ˈɛɡwɐ	sf	Fêmea adulta do cavalo.		mare	ˈmɛr	ˈmeə	n	A mature female horse.		yegua						jumente						Stute						ègua						cavalla												Portugues::VOC Portugues::VOC::Animais Vocabulary::Animals Vocabulary::Animals::Basic Vocabulary::Animals::Portugues
camundongos	<img src="_en_mice.JPG">	camundongos	os camundongos	uʃ kɐmũˈdõɡuʃ	uʃ kɐmũˈdõɡus	smp	Pequenos roedores de cauda longa e hábitos noturnos.		mice	ˈmaɪs	ˈmaɪs	n	Small rodents, often a pest species.		ratones						souris						Mäuse						ratolins						topi												Portugues::VOC Portugues::VOC::Animais Vocabulary::Animals Vocabulary::Animals::Portugues
toupeira	<img src="_mole_topo.JPG">	toupeira	a toupeira	ɐ toˈpɐjɾɐ	a toˈpejɾɐ	sf	Mamífero subterrâneo com patas fortes para cavar.		mole	ˈmoʊl	ˈməʊl	n	A burrowing rodent with small eyes and large digging claws.		topo						taupe						Maulwurf						talp						talpa												Portugues::VOC Portugues::VOC::Animais Vocabulary::Animals Vocabulary::Animals::Portugues
macaco	<img src="_en_monkey.JPG">	macaco	o macaco	u mɐˈkaku	u maˈkaku	sm	Primata ágil, inteligente e social.		monkey	ˈməŋki	ˈmʌŋki	n	A primate known for agility, curiosity, and tool use.		mono						singe						Affe						mico						scimmia												Portugues::VOC Portugues::VOC::Animais Portugues::VOC::Animais::Monkeys_Apes Vocabulary::Animals Vocabulary::Animals::Basic Vocabulary::Animals::Portugues
mosquito	<img src="_mosquito.jpg">	mosquito	o mosquito	u musˈkitu	u mosˈkitu	sm	Inseto que pica e pode transmitir doenças.		mosquito	məˈskitoʊ	məˈskiːtəʊ	n	A small, blood-sucking insect known for transmitting diseases.		mosquito						moustique						Moskito						mosquit						zanzara												Portugues::VOC Portugues::VOC::Animais Vocabulary::Animals Vocabulary::Animals::Portugues
rato	<img src="_rato.JPG">	rato	o rato	u ˈʁatu	u ˈʁatu	sm	Roedor de pequeno porte, comum em áreas urbanas.		mouse	ˈmaʊs	ˈmaʊs	n	A small rodent known for its adaptability and rapid breeding.		ratón						souris						Maus						rató						topo												Portugues::VOC Portugues::VOC::Animais Vocabulary::Animals Vocabulary::Animals::Basic Vocabulary::Animals::Portugues
orangotango	<img src="_orangotango.JPG">	orangotango	o orangotango	u oɾɐ̃ɡuˈtɐ̃ɡu	u oɾɐ̃ɡoˈtɐ̃ɡu	sm	Grande primata de pelagem ruiva encontrado no sudeste asiático.		orangutan	ə˞ˈɹæŋəˌtæŋ	#orangutan#	n	A large, intelligent primate with reddish-brown hair native to Borneo and Sumatra.		orangután						orang-outan						Orang-Utan						orangutan						orangutan												Portugues::VOC Portugues::VOC::Animais Portugues::VOC::Animais::Monkeys_Apes Vocabulary::Animals Vocabulary::Animals::Basic Vocabulary::Animals::Portugues
avestruz	<img src="ostrich-neck.jpg">	avestruz	o avestruz	u ɐvɨʃˈtɾuʃ	u avesˈtɾuʃ	sm	Ave não voadora, maior do mundo, mas veloz ao correr.		ostrich	ˈɑstɹɪtʃ	ˈɒstrɪtʃ	n	A large, flightless bird native to Africa with long legs and a long neck.		avestruz						autruche						Strauß						avestruz						struzzo												Portugues::VOC Portugues::VOC::Animais Vocabulary::Animals Vocabulary::Animals::Basic Vocabulary::Animals::Portugues
coruja	<img src="_en_owl.JPG">	coruja	a coruja	ɐ kuˈɾuʒɐ	a koˈɾuʒɐ	sf	Ave noturna de olhos grandes e voo silencioso.		owl	ˈaʊəl	ˈaʊl	n	A nocturnal bird of prey known for its silent flight and keen eyesight.		búho						hibou						Eule						duc						civetta												Portugues::VOC Portugues::VOC::Animais Vocabulary::Animals Vocabulary::Animals::Portugues
urso-panda	<img src="_urso_panda.JPG">	urso-panda	o urso-panda	u uɾsuˈpɐ̃dɐ	u uʁsoˈpɐ̃dɐ	sm	Mamífero herbívoro da China, conhecido pela pelagem preta e branca.		panda bear	ˈpʰændə ˈbɛr	ˈpʰændə ˈbeə	n	A black-and-white bear native to China, known for its diet of bamboo.		oso panda						panda géant						Panda						ós panda						panda gigante												Portugues::VOC Portugues::VOC::Animais Vocabulary::Animals Vocabulary::Animals::Basic Vocabulary::Animals::Portugues Vocabulary::Bears
pantera	<img src="_en_panther.JPG">	pantera	a pantera	ɐ pɐ̃ˈteɾɐ	a pɐ̃ˈteɾɐ	sf	Felino grande e ágil, geralmente um leopardo ou jaguar negro.		panther	ˈpʰænθə˞	ˈpʰænθə	n	A large, sleek big cat with a black or dark-colored coat.		pantera						panthère						Panther						pantera						pantera												Portugues::VOC Portugues::VOC::Animais Portugues::VOC::Animais::Salvagens Vocabulary::Animals Vocabulary::Animals::Portugues Vocabulary::Cats
papagaio	<img src="parrot-loro.jpg">	papagaio	o papagaio	u pɐpɐˈɡaju	u papaˈɡaju	sm	Ave inteligente e falante de cores vibrantes.		parrot	ˈpʰɛrət	ˈpʰærət	n	A colorful, talkative bird often kept as a pet.		loro						perroquet						Papagei						lloro						pappagallo												Portugues::VOC Portugues::VOC::Animais Vocabulary::Animals Vocabulary::Animals::Basic Vocabulary::Animals::Portugues Vocabulary::Birds
perdigão	<img src="_perdiz.JPG">	perdigão	o perdigão	u pɨɾdiˈɡɐ̃w̃	u peʁdʒiˈɡɐ̃w̃	sm	Ave de caça semelhante à perdiz.		partridge (male)	ˈpʰɑrtɹɪdʒ | ˈmeɪl |	ˈpʰɑːtrɪdʒ | ˈmeɪl |	n	A game bird with a distinctive call and colorful plumage.		perdiz (macho)						perdreau						Rebhahn						perdiu						pernice (maschio)												Portugues::VOC Portugues::VOC::Animais Vocabulary::Animals Vocabulary::Animals::Basic Vocabulary::Animals::Portugues
pata (animal)	<img src="_en_paw.JPG">	pata	a pata	ɐ ˈpatɐ	a ˈpatɐ	sf	Fêmea do pato.		paw	ˈpʰɔ	ˈpʰɔː	n	The soft foot of an animal, often with claws or pads.		pata						patte						Pfote						pota						zampa												Portugues::VOC Portugues::VOC::Animais Vocabulary::Animals Vocabulary::Animals::Portugues
pavão		pavão	o pavão	u pɐˈvɐ̃w̃	u paˈvɐ̃w̃	sm	Ave exótica com penas coloridas e cauda chamativa.		peacock	ˈpʰiˌkɑk	ˈpʰiːkɒk	n	A large bird with iridescent feathers and a fan-shaped tail.		pavo real						paon						Peacock						paó real						pavone reale												Portugues::Falso_Amigo Portugues::VOC Portugues::VOC::Animais Portugues::VOC::Animais::Aves Vocabulary::Animals Vocabulary::Animals::Basic Vocabulary::Animals::Portugues Vocabulary::Birds
pelicano	<img src="pelican.JPG">	pelicano	o pelicano	u pɨliˈkɐnu	u peliˈkɐnu	sm	Ave aquática com bico longo e bolsa característica.		pelican	ˈpʰɛlɪkən	ˈpʰelɪkᵊn	n	A large water bird with a long bill and expandable throat pouch.		pelícano						pélican						Pelikane						pelicà						pellicano												Portugues::VOC Portugues::VOC::Animais Vocabulary::Animals Vocabulary::Animals::Portugues Vocabulary::Birds
pinguim	<img src="_penguins.jpg">	pinguim	o pinguim	u pĩˈɡĩ	u pĩˈɡĩ	sm	Ave marinha que não voa e vive em regiões frias.		penguin	ˈpʰɛŋɡwən	ˈpʰeŋɡwɪn	n	A flightless bird adapted for swimming, native to cold climates.		pingüino						manchot						Pinguin						pingüí						pinguino												Portugues::VOC Portugues::VOC::Animais Vocabulary::Animals Vocabulary::Animals::Portugues
animal de estimação	<img src="_en_pet.JPG">	animal de estimação	o/a animal de estimação	ˈɔɐ ɐniˈmaɫ dɨ ʃtimɐˈsɐ̃w̃	ˈɔɐ ɐniˈmaw dʒi istʃimaˈsɐ̃w̃	s m/f	Animal domesticado criado para companhia.		pet	ˈpʰɛt	ˈpʰet	n	An animal kept for companionship or pleasure.		mascota						animal de compagnie						Haustier						animal de companyia						animale domestico												Portugues::VOC Portugues::VOC::Animais Vocabulary::Animals Vocabulary::Animals::Portugues
pombo	<img src="_pombo.JPG">	pombo	o pombo	u ˈpõbu	u ˈpõbu	sm	Ave urbana que se adapta bem a diversos ambientes.		pigeon	ˈpʰɪdʒən	ˈpʰɪdʒən	n	A bird often found in cities, known for its adaptability and cooing sound.		palomo						pigeon						Taube						colom						piccione												Portugues::VOC Portugues::VOC::Animais Vocabulary::Animals Vocabulary::Animals::Basic Vocabulary::Animals::Portugues Vocabulary::Birds
ornitorrinco	<img src="_ornitorrinco.JPG">	ornitorrinco	o ornitorrinco	u oɾnituˈʁĩku	u oʁnitoˈʁĩku	sm	Mamífero aquático com bico de pato e cauda de castor.		platypus	ˈplætɪpəs	ˈplætɪpəs	n	A semi-aquatic mammal with a duck-like bill and webbed feet, native to Australia.		ornitorrinco						ornithorynque						Schnabeltier						ornitorinc						ornitorinco												Portugues::VOC Portugues::VOC::Animais Vocabulary::Animals Vocabulary::Animals::Basic Vocabulary::Animals::Portugues
urso-polar	<img src="_urso_polar.JPG">	urso-polar	o urso-polar	u uɾsupuˈlaɾ	u uʁsopoˈlaʁ	sm	Mamífero carnívoro do Ártico, adaptado ao frio.		polar bear	ˈpʰoʊlə˞ ˈbɛr	ˈpʰəʊlə ˈbeə	n	A large bear species adapted to cold climates, with white fur.		oso polar						ours polaire						Eisbär						ós polar						orso polare												Portugues::VOC Portugues::VOC::Animais Portugues::VOC::Animais::Salvagens Vocabulary::Animals Vocabulary::Animals::Basic Vocabulary::Animals::Portugues Vocabulary::Bears
louva-a-deus	<img src="_louva_a_deus.JPG">	louva-a-deus	o louva-a-deus	u lovɐɐˈdewʃ	u lovaaˈdews	sm	Inseto predador com postura característica de prece.		praying mantis	ˈpɹeɪɪŋ ˈmæntəs	ˈpreɪɪŋ ˈmæntɪs	n	An insect known for its camouflage and predatory behavior.		mantis religiosa						mante religieuse						Gottesanbeterin						mantellina religiosa						mantide religiosa												Portugues::VOC Portugues::VOC::Animais Portugues::VOC::Animais::Insetos Vocabulary::Animals Vocabulary::Animals::Basic Vocabulary::Animals::Portugues Vocabulary::Insects
papagaio-do-mar	<img src="_puffin.JPG">	papagaio-do-mar	o papagaio-do-mar	u pɐpɐɡɐjuduˈmaɾ	u papaɡajodoˈmaʁ	sm	Ave marinha com bico colorido e patas alaranjadas.		puffin	ˈpʰəfən	ˈpʰʌfɪn	n	A small, black-and-white seabird known for its distinctive beak and diving skills.		frailecillo						macareux						Papageitaucher						fraudella						pulcinella di mare												Portugues::VOC Portugues::VOC::Animais Vocabulary::Animals Vocabulary::Animals::Basic Vocabulary::Animals::Portugues
puma	<img src="_en_puma.JPG">	puma	o puma	u ˈpumɐ	u ˈpumɐ	sm	Grande felino americano, também chamado de leão-da-montanha.		puma	ˈpʰumə	ˈpʰjuːmə	n	A large wildcat also known as a mountain lion or cougar.		puma						puma						Puma						puma						puma												Portugues::VOC Portugues::VOC::Animais Portugues::VOC::Animais::Salvagens Vocabulary::Animals Vocabulary::Animals::Portugues Vocabulary::Cats
filhote		filhote	o filhote	u fiˈʎɔtɨ	u fiˈʎɔtʃi	sm	Animal jovem, geralmente recém-nascido.		pup	ˈpʰəp	ˈpʰʌp	n	A young dog or wolf.		cachorro						chiot						Welpe						cadell						cucciolo												Portugues::VOC Portugues::VOC::Animais Vocabulary::Animals Vocabulary::Animals::Basic Vocabulary::Animals::Portugues
pitão	<img src="_pitao.JPG">	pitão	a pitão	ɐ piˈtɐ̃w̃	a piˈtɐ̃w̃	sf	Serpente constritora de grande porte encontrada em regiões tropicais.		python	ˈpʰaɪˌθɑn	ˈpʰaɪθᵊn	n	A large, non-venomous snake known for constriction.		pitón						python						Python						pitó						pitone												Portugues::VOC Portugues::VOC::Animais Vocabulary::Animals Vocabulary::Animals::Basic Vocabulary::Animals::Portugues
coelho	<img src="_rabbit.jpg">	coelho	o coelho	u kuˈɐʎu	u koˈeʎu	sm	Mamífero herbívoro de orelhas longas e cauda curta.		rabbit	ˈɹæbət	ˈræbɪt	n	A small mammal with long ears, known for hopping and digging.		conejo						lapin						Kaninchen						conill						coniglio												Portugues::VOC Portugues::VOC::Animais Vocabulary::Animals Vocabulary::Animals::Portugues
carneiro	<img src="_carneiro.JPG">	carneiro	o carneiro	u kɐɾˈnɐjɾu	u kaʁˈnejɾu	sm	Macho adulto da ovelha, com chifres enrolados.		ram	ˈɹæm	ˈræm	n	A male sheep, often with curved horns.		carnero						bélier						Widder						be, ram						ariete												Portugues::VOC Portugues::VOC::Animais Vocabulary::Animals Vocabulary::Animals::Basic Vocabulary::Animals::Portugues
rata	<img src="_en_rat.JPG">	rata	a rata	ɐ ˈʁatɐ	a ˈʁatɐ	sf	Animal roedor de tamanho médio, semelhante ao rato, mas com algumas diferenças em termos de habitat e comportamento.		rat	ˈɹæt	ˈræt	n	A rodent known for its destructive behavior and adaptability.		rata						rat						Ratte						rata						ratto												Portugues::VOC Portugues::VOC::Animais Vocabulary::Animals Vocabulary::Animals::Basic Vocabulary::Animals::Portugues Vocabulary::Rodents
ema		ema	a ema	ɐ ˈɛmɐ	a ˈɛmɐ	sf	Ave não voadora nativa da América do Sul.		rhea	ˈɹiə	ˈrɪə	n	A large, flightless bird native to South America.		ñandú						rhéa						Nandu						nandú						struzzo americano												Portugues::VOC Portugues::VOC::Animais Vocabulary::Animals Vocabulary::Animals::Basic Vocabulary::Animals::Portugues
rinoceronte	<img src="_en_rhino.JPG">	rinoceronte	o rinoceronte	u ʁinusɨˈɾõtɨ	u ʁinoseˈɾõtʃi	sm	Mamífero de grande porte com um ou dois chifres no focinho.		rhinoceros	ɹaɪˈnɑsə˞ɹəs	raɪˈnɒsᵊrəs	n	A large, thick-skinned herbivorous mammal with one or two horns.		rinoceronte						rhinocéros						Nashorn						rinoceront						rinoceronte												Portugues::VOC Portugues::VOC::Animais Vocabulary::Animals Vocabulary::Animals::Basic Vocabulary::Animals::Portugues
galo		galo	o galo	u ˈɡalu	u ˈɡalu	sm	Macho adulto da galinha, conhecido por cantar ao amanhecer.		rooster	ˈɹustə˞	ˈruːstə	n	A male chicken known for crowing at dawn.		gallo						coq						Hahn						gall						gallo												Portugues::VOC Portugues::VOC::Animais Vocabulary::Animals Vocabulary::Animals::Basic Vocabulary::Animals::Portugues
leão-marinho	<img src="_en_sea_lion.JPG">	leão-marinho	o leão-marinho	u ˈljɐ̃w̃mɐɾiɲu	u ˈljɐ̃w̃maɾiɲu	sm	Mamífero marinho com corpo robusto e nadadeiras.		sea lion	ˈsi ˈlaɪən	ˈsiː ˈlaɪən	n	A marine mammal known for its whiskers and playful behavior.		león marino						otarie						Seelöwe						lleó marí						leone marino												Portugues::VOC Portugues::VOC::Animais Vocabulary::Animals Vocabulary::Animals::Portugues
tartaruga-marinha	<img src="_tartaruga-marina.JPG">	tartaruga-marinha	a tartaruga-marinha	ɐ tɐɾtɐɾuɡɐmɐˈɾiɲɐ	a taʁtaɾuɡamaˈɾiɲɐ	sf	Répteil marinho com casco e nadadeiras.		sea turtle	ˈsi ˈtʰɜ˞tl̩	ˈsiː ˈtʰɜːtᵊl	n	A marine reptile with a hard shell, known for long-distance swimming.		tortuga de mar						tortue marine						Meereschildkröte						tortuga marina						tartaruga marina												Portugues::VOC Portugues::VOC::Animais Vocabulary::Animals Vocabulary::Animals::Basic Vocabulary::Animals::Portugues Vocabulary::Reptiles Vocabulary::Turtles
ouriço-do-mar	<img src="_sea_urchin_erizo_de_mar.JPG">	ouriço-do-mar	o ouriço-do-mar	u oɾisuduˈmaɾ	u oɾisodoˈmaʁ	sm	Equinodermo coberto de espinhos, encontrado no mar.		sea urchin	ˈsi ˈɜ˞tʃən	ˈsiː ˈɜːtʃɪn	n	A spiny, globular marine animal.		erizo de mar						oursin						Seeigel						garota de mar						riccio di mare												Portugues::VOC Portugues::VOC::Animais Vocabulary::Animals Vocabulary::Animals::Portugues
cavalo-marinho	<img src="seahorse.jpg">	cavalo-marinho	o cavalo-marinho	u kɐvɐlumɐˈɾiɲu	u kavalomaˈɾiɲu	sm	Peixe pequeno com cabeça alongada e cauda preênsil.		seahorse	#seahorse#	ˈsiːhɔːs	n	A small marine fish with a horse-like head and curled tail.		caballito de mar						hippocampe						Seepferdchen						cavallet de mar						cavalluccio marino												Portugues::VOC Portugues::VOC::Animais Vocabulary::Animals Vocabulary::Animals::Portugues
foca	<img src="_en_seal.JPG">	foca	a foca	ɐ ˈfɔkɐ	a ˈfɔkɐ	sf	Mamífero marinho adaptado ao frio e à vida aquática.		seal	ˈsil	ˈsiːl	n	A marine mammal known for its blubber and ability to swim underwater.		foca						phoque						Seehund						foca						foca												Portugues::VOC Portugues::VOC::Animais Vocabulary::Animals Vocabulary::Animals::Basic Vocabulary::Animals::Portugues
ovelha	<img src="_ovelha.JPG">	ovelha	a ovelha	ɐ oˈvɐʎɐ	a oˈveʎɐ	sf	Mamífero ruminante criado para lã, leite e carne.		sheep	ˈʃip	ˈʃiːp	n	A wool-producing domesticated mammal raised for meat and fleece.		oveja						brebis						Schaf						ovella						pecora												Portugues::VOC Portugues::VOC::Animais Vocabulary::Animals Vocabulary::Animals::Basic Vocabulary::Animals::Portugues
bicho-da-seda	<img src="_bicho_da_seda.JPG">	bicho-da-seda	o bicho-da-seda	u biʃudɐˈsɛdɐ	u biʃodaˈsɛdɐ	sm	Inseto produtor de seda durante a fase larval.		silkworm	ˈsɪlkˌwɜ˞m	ˈsɪlkwɜːm	n	A caterpillar that produces silk threads used for weaving.		gusano de seda						ver à soie						Seidenraupe						cuc de seda						baco da seta												Portugues::VOC Portugues::VOC::Animais Vocabulary::Animals Vocabulary::Animals::Basic Vocabulary::Animals::Portugues
pequeno	<img src="_small_rabbit.jpg">	pequeno	pequeno	pɨˈkenu	peˈkenu	adj m	De tamanho reduzido, miúdo.		small	ˈsmɔl	ˈsmɔːl	adj	Of a size less than normal or usual.		pequeño						petit						klein						menut						piccolo												Portugues::VOC Portugues::VOC::Animais Vocabulary::Animals Vocabulary::Animals::Portugues
cobra	<img src="snake-3237_640.jpg">	cobra	a cobra	ɐ ˈkɔbɾɐ	a ˈkɔbɾɐ	sf	Répteil sem pernas que se move rastejando.		snake	ˈsneɪk	ˈsneɪk	n	A legless, carnivorous reptile that slithers.		serpiente						serpent						Schlange						serp						serpente												Portugues::VOC Portugues::VOC::Animais Vocabulary::Animals Vocabulary::Animals::Basic Vocabulary::Animals::Portugues
manchas (animal)	<img src="_spots_leopard.jpg">	manchas	as manchas	ɐʒ ˈmɐ̃ʃɐʃ	aʒ ˈmɐ̃ʃas	sfp	Marcas de cores diferentes no corpo de um animal.		spots	ˈspɑts	ˈspɒts	n	Markings or patterns of circular or irregular shapes.		manchas						points						Flecken						tàques						macchie												Portugues::VOC Portugues::VOC::Animais Vocabulary::Animals Vocabulary::Animals::Portugues
listra (animal)	<img src="stripe.jpg">	listra	a listra	ɐ ˈliʃtɾɐ	a ˈlistɾɐ	sf	Linha estreita que contrasta com a cor de fundo.		stripe	ˈstɹaɪp	ˈstraɪp	n	Markings or patterns in the form of lines or bands.		rayas						rayures						Streifen						rayes						striscia												Portugues::VOC Portugues::VOC::Animais Vocabulary::Animals Vocabulary::Animals::Portugues
cisne	<img src="_en_swan.JPG">	cisne	o cisne	u ˈsiʒnɨ	u ˈsiʒni	sm	Ave aquática elegante, símbolo de beleza e graça.		swan	ˈswɑn	ˈswɒn	n	A large waterfowl known for its graceful appearance and long neck.		cisne						cygne						Schwan						cigne						cigno												Portugues::VOC Portugues::VOC::Animais Vocabulary::Animals Vocabulary::Animals::Basic Vocabulary::Animals::Portugues Vocabulary::Birds
cauda (animal)	<img src="_en_tail.JPG">	cauda	a cauda	ɐ ˈkawdɐ	a ˈkawdɐ	sf	Prolongamento do corpo de alguns animais, usado para equilíbrio ou expressão.		tail	ˈtʰeɪl	ˈtʰeɪl	n	The flexible, elongated part of an animal’s body, often used for balance or expression.		cola						extra						Schwanz						cua						coda												Portugues::VOC Portugues::VOC::Animais Vocabulary::Animals Vocabulary::Animals::Portugues
tarântula	<img src="_tarantula.jpg">	tarântula	a tarântula	ɐ tɐˈɾɐ̃tulɐ	a taˈɾɐ̃tulɐ	sf	Aranha grande e peluda encontrada em regiões tropicais.		tarantula	tə˞ˈɹæntʃələ	təˈræntjʊlə	n	A large, hairy spider often found in tropical and subtropical regions.		tarántula						tarentule						Vogelspinne						taràntula						taràntola												Curso::2A2::U4-Nao-Tinhamos-Redes-Sociais Portugues::VOC Portugues::VOC::Animais Vocabulary::Animals Vocabulary::Animals::Basic Vocabulary::Animals::Portugues Vocabulary::Spiders
tigre	<img src="_en_tiger.JPG">	tigre	o tigre	u ˈtiɡɾɨ	u ˈtʃiɡɾi	sm	Grande felino de pelagem listrada e olhar feroz.		tiger	ˈtʰaɪɡə˞	ˈtʰaɪɡə	n	A large, striped big cat known for its power and stealth.		tigre						tigre						Tiger						tigre						tigre												Portugues::VOC Portugues::VOC::Animais Vocabulary::Animals Vocabulary::Animals::Basic Vocabulary::Animals::Portugues
tucano	<img src="_tucano.JPG">	tucano	o tucano	u tuˈkɐnu	u tuˈkɐnu	sm	Ave tropical com bico grande e colorido.		toucan	ˈtʰuˌkæn	ˈtʰuːkən	n	A brightly colored bird with a large beak, native to Central and South America.		tucán						toucan						Tukan						tucà						tucano												Portugues::VOC Portugues::VOC::Animais Vocabulary::Animals Vocabulary::Animals::Basic Vocabulary::Animals::Portugues Vocabulary::Birds
peru	<img src="_en_turkey.JPG">	peru	o peru	u pɨˈɾu	u peˈɾu	sm	Ave de grande porte criada para consumo.		turkey	ˈtʰɜ˞ki	ˈtʰɜːki	n	A large bird native to North America, known for its distinctive plumage.		pavo						dindon						Pute						paó						tacchino												Portugues::VOC Portugues::VOC::Animais Vocabulary::Animals Vocabulary::Animals::Basic Vocabulary::Animals::Portugues Vocabulary::Birds Vocabulary::Domestic_Animals Vocabulary::Food::Poultry
unicórnio	<img src="_en_unicorn.JPG">	unicórnio	o unicórnio	u uniˈkɔɾniu	u uniˈkɔʁniu	sm	Criatura mitológica representada por um cavalo com um chifre.		unicorn	ˈjunəˌkɔrn	ˈjuːnɪkɔːn	n	A mythical horse with a single horn on its forehead.		unicórnio						licorne						Einhorn						unicorni						unicorno												Portugues::VOC Portugues::VOC::Animais Vocabulary::Animals Vocabulary::Animals::Portugues
abutre	<img src="_vulture.PNG">	abutre	o abutre	u ɐˈbutɾɨ	u aˈbutɾi	sm	Ave de rapina que se alimenta de carniça.		vulture	ˈvəltʃə˞	ˈvʌltʃə	n	A bird of prey known for scavenging and cleaning up carrion.		buitre						vautour						Geier						voltor						avvoltoio												Portugues::VOC Portugues::VOC::Animais Vocabulary::Animals Vocabulary::Animals::Portugues Vocabulary::Birds
morsa	<img src="_en_walrus.JPG">	morsa	a morsa	ɐ ˈmɔɾsɐ	a ˈmɔʁsɐ	sf	Mamífero marinho com grandes presas de marfim.		walrus	ˈwɔlɹəs	ˈwɔːlrəs	n	A large marine mammal with tusks and whiskers, native to Arctic regions.		morsa						morse						Walross						morsa						tricheco												Portugues::VOC Portugues::VOC::Animais Vocabulary::Animals Vocabulary::Animals::Portugues
vespa	<img src="_vespa.JPG">	vespa	a vespa	ɐ ˈvɛʃpɐ	a ˈvɛspɐ	sf	Inseto voador com ferrão e corpo fino.		wasp	ˈwɑsp	ˈwɒsp	n	A stinging insect with a narrow waist and a painful sting.		avispa						guêpe						Wespe						vespa						vespa												Portugues::VOC Portugues::VOC::Animais Portugues::VOC::Animais::Insetos Vocabulary::Animals Vocabulary::Animals::Basic Vocabulary::Animals::Portugues Vocabulary::Insects
gorgulhos	<img src="_weevil_gorgojo.JPG">	gorgulhos	os gorgulhos	uʒ ɡuɾˈɡuʎuʃ	uʒ ɡoʁˈɡuʎus	smp	Pequenos insetos coleópteros que atacam grãos e sementes.		weevils	ˈwivəlz	ˈwiːvᵊlz	n	Small beetles known for destroying stored grains and seeds.		gorgojos						charançons						Rüsselkäfer						corcó						tonchi												Portugues::VOC Portugues::VOC::Animais Portugues::VOC::Animais::Insetos Vocabulary::Animals Vocabulary::Animals::Basic Vocabulary::Animals::Portugues
baleia	<img src="_en_whale.JPG">	baleia	a baleia	ɐ bɐˈlɐjɐ	a baˈlejɐ	sf	Mamífero marinho gigante de comportamento migratório.		whale	ˈweɪl	ˈweɪl	n	A marine mammal known for its large size and distinctive blowhole.		ballena						baleine						Wal						balena						balena												Curso::2A2::U5-Eu-Ja-Tinha-Visto::Festival-Flores-Madeira Portugues::VOC Portugues::VOC::Animais Vocabulary::Animals Vocabulary::Animals::Portugues Vocabulary::Sea_Animals Vocabulary::Whales
javali	<img src="_javali.JPG">	javali	o javali	u ʒɐvɐˈli	u ʒavaˈli	sm	Porco selvagem com presas afiadas.		wild boar	ˈwaɪəld ˈbɔr	ˈwaɪld ˈbɔː	n	A wild pig known for its tusks and bristly hair.		jabalí						sanglier						Wildschwein						senglar						cinghiale												Portugues::VOC Portugues::VOC::Animais Vocabulary::Animals Vocabulary::Animals::Basic Vocabulary::Animals::Portugues
asa	<img src="_ala.jpg">	asa	a asa	ɐ ˈazɐ	a ˈazɐ	sf	Estrutura anatômica usada para voar.		wing	ˈwɪŋ	ˈwɪŋ	n	The limb of a bird or insect used for flying.		ala						aile						Flügel						ala						ala												Portugues::Livros::2A2-Cinco-minutos Portugues::VOC Portugues::VOC::Animais Vocabulary::Animals Vocabulary::Animals::Portugues
lobo	<img src="_lobo.JPG">	lobo	o lobo	u ˈlɔbu	u ˈlɔbu	sm	Mamífero carnívoro e social encontrado em diversas regiões.		wolf	ˈwʊlf	ˈwʊlf	n	A wild carnivorous mammal known for living in packs and howling.		lobo						loup						Wolf						llop						lupo												Portugues::VOC Portugues::VOC::Animais Vocabulary::Animals Vocabulary::Animals::Basic Vocabulary::Animals::Portugues
zebra	<img src="_en_zebra.JPG">	zebra	a zebra	ɐ ˈzɛbɾɐ	a ˈzɛbɾɐ	sf	Mamífero africano com pelagem listrada em preto e branco.		zebra	ˈzibɹə	ˈziːbrə	n	A striped African mammal known for its black-and-white pattern.		cebra						zèbre						Zebra						zebra						zebra												Portugues::Ortografia::Sibilantes::Inseto-Z Portugues::VOC Portugues::VOC::Animais Vocabulary::Animals Vocabulary::Animals::Portugues